{"KFC": [[{"nelat": -37.67289677010728, "nelong": 144.4377583298927, "swlat": -37.67559642989272, "swlong": 144.4350586701073, "area": "Bacchus"}], [{"nelat": -37.68430142010728, "nelong": 144.5653281298927, "swlat": -37.68700107989272, "swlong": 144.5626284701073, "area": "Melton"}], [{"nelat": -37.57563567010727, "nelong": 144.7327983798927, "swlat": -37.57833532989272, "swlong": 144.7300987201073, "area": "Sunbury"}], [{"nelat": -37.58919967010728, "nelong": 144.2455362298927, "swlat": -37.59189932989273, "swlong": 144.2428365701072, "area": "Ballan"}], [{"nelat": -37.66344227010728, "nelong": 144.7490941298927, "swlat": -37.66614192989272, "swlong": 144.7463944701073, "area": "Calder"}], [{"nelat": -37.66403037010728, "nelong": 144.7555686798927, "swlat": -37.66673002989273, "swlong": 144.7528690201073, "area": "Keilor"}], [{"nelat": -37.71002537010728, "nelong": 144.7428933798927, "swlat": -37.71272502989272, "swlong": 144.7401937201072, "area": "Taylors"}], [{"nelat": -37.69531372010728, "nelong": 144.7823164298927, "swlat": -37.69801337989272, "swlong": 144.7796167701073, "area": "Sydenham"}], [{"nelat": -37.73036602010728, "nelong": 144.7447443798928, "swlat": -37.73306567989273, "swlong": 144.7420447201073, "area": "Caroline"}], [{"nelat": -37.75069242010728, "nelong": 144.7789011798927, "swlat": -37.75339207989273, "swlong": 144.7762015201072, "area": "Deer"}], [{"nelat": -37.71222237010728, "nelong": 144.8880189298927, "swlat": -37.71492202989272, "swlong": 144.8853192701073, "area": "Airport"}], [{"nelat": -37.67463402010728, "nelong": 144.9234271298927, "swlat": -37.67733367989272, "swlong": 144.9207274701073, "area": "Broadmeadows"}], [{"nelat": -37.78011147010728, "nelong": 144.8338179298927, "swlat": -37.78281112989272, "swlong": 144.8311182701073, "area": "Sunshine"}], [{"nelat": -37.89057852010728, "nelong": 144.6316419298927, "swlat": -37.89327817989272, "swlong": 144.6289422701072, "area": "Wyndham"}], [{"nelat": -37.86793207010728, "nelong": 144.7342378798927, "swlat": -37.87063172989273, "swlong": 144.7315382201073, "area": "Hoppers"}], [{"nelat": -37.76471102010728, "nelong": 144.9254234798927, "swlat": -37.76741067989272, "swlong": 144.9227238201073, "area": "Moonee"}], [{"nelat": -37.79720857010727, "nelong": 144.8913219798928, "swlat": -37.79990822989272, "swlong": 144.8886223201073, "area": "Footscray"}], [{"nelat": -37.63915357010728, "nelong": 144.9326114298927, "swlat": -37.64185322989272, "swlong": 144.9299117701073, "area": "Roxburgh"}], [{"nelat": -37.70319087010728, "nelong": 145.1022604798927, "swlat": -37.70589052989272, "swlong": 145.0995608201073, "area": "Greensborough"}], [{"nelat": -38.08151757010727, "nelong": 145.2817589798927, "swlat": -38.08421722989272, "swlong": 145.2790593201073, "area": "Cranbourne"}], [{"nelat": -36.13929767010728, "nelong": 144.7516935298927, "swlat": -36.14199732989272, "swlong": 144.7489938701073, "area": "Echuca"}], [{"nelat": -37.84672822010728, "nelong": 144.6902782298927, "swlat": -37.84942787989272, "swlong": 144.6875785701073, "area": "Tarneit"}], [{"nelat": -37.71636422010727, "nelong": 145.1399937298927, "swlat": -37.71906387989272, "swlong": 145.1372940701073, "area": "Eltham"}], [{"nelat": -37.80935387010728, "nelong": 144.9642956798928, "swlat": -37.81205352989272, "swlong": 144.9615960201073, "area": "Melbourne"}], [{"nelat": -37.64876917010728, "nelong": 145.0712940298927, "swlat": -37.65146882989272, "swlong": 145.0685943701073, "area": "Mill"}], [{"nelat": -37.78864567010728, "nelong": 145.3098299798927, "swlat": -37.79134532989273, "swlong": 145.3071303201073, "area": "Mooroolbark"}], [{"nelat": -37.69913282010727, "nelong": 144.8818510298927, "swlat": -37.70183247989272, "swlong": 144.8791513701073, "area": "Tullamarine"}], [{"nelat": -37.69942822010728, "nelong": 144.9609455298927, "swlat": -37.70212787989272, "swlong": 144.9582458701073, "area": "Fawkner"}], [{"nelat": -37.74064837010727, "nelong": 144.9049340298927, "swlat": -37.74334802989272, "swlong": 144.9022343701073, "area": "Essendon"}], [{"nelat": -37.41120022010728, "nelong": 144.9803542298927, "swlat": -37.41389987989272, "swlong": 144.9776545701073, "area": "Wallan"}], [{"nelat": -37.65637772010728, "nelong": 145.0206263798927, "swlat": -37.65907737989272, "swlong": 145.0179267201073, "area": "Epping"}], [{"nelat": -37.68292717010727, "nelong": 145.0300094798927, "swlat": -37.68562682989272, "swlong": 145.0273098201073, "area": "Thomastown"}], [{"nelat": -37.60560252010728, "nelong": 145.1386653298927, "swlat": -37.60830217989272, "swlong": 145.1359656701073, "area": "Doreen"}], [{"nelat": -37.69273112010729, "nelong": 145.0618644798927, "swlat": -37.69543077989273, "swlong": 145.0591648201073, "area": "Bundoora"}], [{"nelat": -37.71165382010728, "nelong": 145.0090876798927, "swlat": -37.71435347989273, "swlong": 145.0063880201073, "area": "Reservoir"}], [{"nelat": -37.75679527010728, "nelong": 145.3139018298927, "swlat": -37.75949492989272, "swlong": 145.3112021701072, "area": "Chirnside"}], [{"nelat": -37.75615277010727, "nelong": 145.3577094298927, "swlat": -37.75885242989271, "swlong": 145.3550097701073, "area": "Lilydale"}], [{"nelat": -37.81153967010727, "nelong": 145.2296758298927, "swlat": -37.81423932989271, "swlong": 145.2269761701073, "area": "Ringwood"}], [{"nelat": -37.80292442010727, "nelong": 145.0387187298928, "swlat": -37.80562407989272, "swlong": 145.0360190701073, "area": "Kew"}], [{"nelat": -37.73980002010727, "nelong": 144.9640032798927, "swlat": -37.74249967989272, "swlong": 144.9613036201073, "area": "Coburg"}], [{"nelat": -37.82345047010728, "nelong": 145.2895652798927, "swlat": -37.82615012989272, "swlong": 145.2868656201072, "area": "Bayswater"}], [{"nelat": -37.82056542010728, "nelong": 145.0369378298927, "swlat": -37.82326507989273, "swlong": 145.0342381701073, "area": "Hawthorn"}], [{"nelat": -37.78562137010728, "nelong": 145.1433511798927, "swlat": -37.78832102989272, "swlong": 145.1406515201073, "area": "Doncaster"}], [{"nelat": -37.75612522010729, "nelong": 145.0703875798927, "swlat": -37.75882487989273, "swlong": 145.0676879201072, "area": "Heidelberg"}], [{"nelat": -37.86791522010728, "nelong": 145.2423336798927, "swlat": -37.87061487989272, "swlong": 145.2396340201073, "area": "Wantirna"}], [{"nelat": -37.75718392010727, "nelong": 144.9944432798927, "swlat": -37.75988357989272, "swlong": 144.9917436201073, "area": "Thornbury"}], [{"nelat": -37.84987212010729, "nelong": 145.1442994298927, "swlat": -37.85257177989273, "swlong": 145.1415997701073, "area": "Burwood"}], [{"nelat": -37.82171552010728, "nelong": 144.9594937798927, "swlat": -37.82441517989272, "swlong": 144.9567941201073, "area": "Southbank"}], [{"nelat": -37.81058587010727, "nelong": 144.9392152798927, "swlat": -37.81328552989272, "swlong": 144.9365156201073, "area": "Docklands"}], [{"nelat": -37.02282847010727, "nelong": 145.1347983298927, "swlat": -37.02552812989271, "swlong": 145.1320986701073, "area": "Seymour"}], [{"nelat": -38.01608357010728, "nelong": 145.3046620298927, "swlat": -38.01878322989273, "swlong": 145.3019623701073, "area": "Narre"}], [{"nelat": -37.82291022010727, "nelong": 144.8830301798927, "swlat": -37.82560987989272, "swlong": 144.8803305201073, "area": "Yarraville"}], [{"nelat": -37.99075272010728, "nelong": 145.1461461298927, "swlat": -37.99345237989272, "swlong": 145.1434464701072, "area": "Keysborough"}], [{"nelat": -37.90163952010727, "nelong": 145.1616133298927, "swlat": -37.90433917989272, "swlong": 145.1589136701073, "area": "Glen"}], [{"nelat": -37.82490632010728, "nelong": 145.0035437298927, "swlat": -37.82760597989272, "swlong": 145.0008440701073, "area": "Richmond"}], [{"nelat": -37.93224487010728, "nelong": 145.1592178298927, "swlat": -37.93494452989273, "swlong": 145.1565181701073, "area": "Mulgrave"}], [{"nelat": -37.76089177010727, "nelong": 144.7568558798928, "swlat": -37.76359142989271, "swlong": 144.7541562201073,